19000137,wyresdale,STREET_NAME
19000137,st,STREET_NAME
19000138,redwood,STREET_NAME
19000138,crt,STREET_NAME
19000139,elm,STREET_NAME
19000139,avenue,STREET_NAME
19000140,terrace,STREET_NAME
19000140,lane,STREET_NAME
19000141,travis,STREET_NAME
19000141,court,STREET_NAME
19000142,travis,STREET_NAME
19000142,ave,STREET_NAME
19000143,patrick,STREET_NAME
19000143,avenue,STREET_NAME
19000144,chanute,STREET_NAME
19000144,drive,STREET_NAME
19000145,main,STREET_NAME
19000145,crt,STREET_NAME
19000146,wyresdale,STREET_NAME
19000146,road,STREET_NAME
19000147,maple,STREET_NAME
19000147,avenue,STREET_NAME
19000148,chanute,STREET_NAME
19000148,ave,STREET_NAME
19000149,travis,STREET_NAME
19000149,avenue,STREET_NAME
19000150,spruce,STREET_NAME
19000150,crt,STREET_NAME
19000151,patrick,STREET_NAME
19000151,rd,STREET_NAME
19000152,laity,STREET_NAME
19000152,court,STREET_NAME
19000153,terrace,STREET_NAME
19000153,court,STREET_NAME
19000154,laity,STREET_NAME
19000154,street,STREET_NAME
19000155,maple,STREET_NAME
19000155,rd,STREET_NAME
19000156,birch,STREET_NAME
19000156,dr,STREET_NAME
19000157,bentrim,STREET_NAME
19000157,drive,STREET_NAME
19000158,willow,STREET_NAME
19000158,causeway,STREET_NAME
19000159,travis,STREET_NAME
19000159,dr,STREET_NAME
19000160,shaftesbury,STREET_NAME
19000160,rd,STREET_NAME
19000161,birch,STREET_NAME
19000161,drive,STREET_NAME
19000162,temple,STREET_NAME
19000162,lane,STREET_NAME
19000163,pine,STREET_NAME
19000163,rd,STREET_NAME
19000164,pine,STREET_NAME
19000164,dr,STREET_NAME
19000165,main,STREET_NAME
19000165,road,STREET_NAME
19000166,birch,STREET_NAME
19000166,crt,STREET_NAME
19000167,redwood,STREET_NAME
19000167,drive,STREET_NAME
19000168,willow,STREET_NAME
19000168,lane,STREET_NAME
19000169,patrick,STREET_NAME
19000169,road,STREET_NAME
19000170,oak,STREET_NAME
19000170,st,STREET_NAME
19000171,elm,STREET_NAME
19000171,crt,STREET_NAME
19000172,marshfield,STREET_NAME
19000172,road,STREET_NAME
19000173,shaftesbury,STREET_NAME
19000173,ave,STREET_NAME
19000174,wyresdale,STREET_NAME
19000174,avenue,STREET_NAME
19000175,maple,STREET_NAME
19000175,dr,STREET_NAME
19000176,main,STREET_NAME
19000176,lane,STREET_NAME
19000177,bentrim,STREET_NAME
19000177,crt,STREET_NAME
19000178,chanute,STREET_NAME
19000178,st,STREET_NAME
19000179,patrick,STREET_NAME
19000179,crt,STREET_NAME
19000180,spruce,STREET_NAME
19000180,st,STREET_NAME
19000181,birch,STREET_NAME
19000181,avenue,STREET_NAME
19000182,temple,STREET_NAME
19000182,causeway,STREET_NAME
19000183,travis,STREET_NAME
19000183,lane,STREET_NAME
19000184,walnut,STREET_NAME
19000184,lane,STREET_NAME
19000185,oakwood,STREET_NAME
19000185,crescent,STREET_NAME
19000186,cedarwood,STREET_NAME
19000186,court,STREET_NAME
19000187,sycamore,STREET_NAME
19000187,street,STREET_NAME
19000188,hickory,STREET_NAME
19000188,drive,STREET_NAME
19000189,pine,STREET_NAME
19000189,lane,STREET_NAME
19000190,ashwood,STREET_NAME
19000190,avenue,STREET_NAME
19000191,laurel,STREET_NAME
19000191,road,STREET_NAME
19000192,chestnut,STREET_NAME
19000192,close,STREET_NAME
19000193,birchwood,STREET_NAME
19000193,path,STREET_NAME
19000194,rowan,STREET_NAME
19000194,court,STREET_NAME
19000195,fir,STREET_NAME
19000195,drive,STREET_NAME
19000196,poplar,STREET_NAME
19000196,crescent,STREET_NAME
19000197,hawthorn,STREET_NAME
19000197,way,STREET_NAME
19000198,linden,STREET_NAME
19000198,street,STREET_NAME
19000199,cypress,STREET_NAME
19000199,road,STREET_NAME
19000200,hemlock,STREET_NAME
19000200,avenue,STREET_NAME
19000201,juniper,STREET_NAME
19000201,lane,STREET_NAME
19000202,maplewood,STREET_NAME
19000202,drive,STREET_NAME
19000203,oak,STREET_NAME
19000203,lane,STREET_NAME
19000204,sprucewood,STREET_NAME
19000204,place,STREET_NAME
19000205,willowbrook,STREET_NAME
19000205,lane,STREET_NAME
19000206,birchwood,STREET_NAME
19000206,road,STREET_NAME
19000207,elmwood,STREET_NAME
19000207,terrace,STREET_NAME
19000208,pinecrest,STREET_NAME
19000208,avenue,STREET_NAME
19000209,sycamore,STREET_NAME
19000209,court,STREET_NAME
19000210,laurel,STREET_NAME
19000210,lane,STREET_NAME
19000211,chestnut,STREET_NAME
19000211,avenue,STREET_NAME
19000212,cedarwood,STREET_NAME
19000212,road,STREET_NAME
19000213,rowan,STREET_NAME
19000213,close,STREET_NAME
19000214,walnut,STREET_NAME
19000214,drive,STREET_NAME
19000215,cypress,STREET_NAME
19000215,crescent,STREET_NAME
19000216,juniper,STREET_NAME
19000216,court,STREET_NAME
19000217,oakwood,STREET_NAME
19000217,way,STREET_NAME
19000218,fir,STREET_NAME
19000218,street,STREET_NAME
19000219,hawthorn,STREET_NAME
19000219,path,STREET_NAME
19000220,poplar,STREET_NAME
19000220,drive,STREET_NAME
19000221,maplewood,STREET_NAME
19000221,lane,STREET_NAME
19000222,linden,STREET_NAME
19000222,road,STREET_NAME
19000223,birchwood,STREET_NAME
19000223,avenue,STREET_NAME
19000224,elmwood,STREET_NAME
19000224,street,STREET_NAME
19000225,willow,STREET_NAME
19000225,crescent,STREET_NAME
19000226,sprucewood,STREET_NAME
19000226,path,STREET_NAME
19000227,laurel,STREET_NAME
19000227,court,STREET_NAME
19000228,pinebrook,STREET_NAME
19000228,avenue,STREET_NAME
19000229,hickory,STREET_NAME
19000229,road,STREET_NAME
19000230,sycamore,STREET_NAME
19000230,drive,STREET_NAME
19000231,rowan,STREET_NAME
19000231,crescent,STREET_NAME
19000232,chestnut,STREET_NAME
19000232,court,STREET_NAME
19000233,oakwood,STREET_NAME
19000233,avenue,STREET_NAME
19000234,cypress,STREET_NAME
19000234,way,STREET_NAME
19000235,birchwood,STREET_NAME
19000235,lane,STREET_NAME
19000236,hawthorn,STREET_NAME
19000236,terrace,STREET_NAME
19000237,maplewood,STREET_NAME
19000237,place,STREET_NAME
19000238,cedarwood,STREET_NAME
19000238,street,STREET_NAME
19000239,poplar,STREET_NAME
19000239,path,STREET_NAME
19000240,elmwood,STREET_NAME
19000240,close,STREET_NAME
19000241,willowbrook,STREET_NAME
19000241,road,STREET_NAME
19000242,pinecrest,STREET_NAME
19000242,crescent,STREET_NAME
19000243,fir,STREET_NAME
19000243,avenue,STREET_NAME
19000244,linden,STREET_NAME
19000244,drive,STREET_NAME
19000245,sprucewood,STREET_NAME
19000245,road,STREET_NAME
19000246,walnut,STREET_NAME
19000246,path,STREET_NAME
19000247,juniper,STREET_NAME
19000247,avenue,STREET_NAME
19000248,sycamore,STREET_NAME
19000248,close,STREET_NAME
19000249,chestnut,STREET_NAME
19000249,lane,STREET_NAME
19000250,hickory,STREET_NAME
19000250,street,STREET_NAME
19000251,oakwood,STREET_NAME
19000251,lane,STREET_NAME
19000252,rowan,STREET_NAME
19000252,road,STREET_NAME
19000253,maplewood,STREET_NAME
19000253,crescent,STREET_NAME
19000254,cedarwood,STREET_NAME
19000254,drive,STREET_NAME
19000255,hawthorn,STREET_NAME
19000255,place,STREET_NAME
19000256,elmwood,STREET_NAME
19000256,crescent,STREET_NAME
19000257,poplar,STREET_NAME
19000257,road,STREET_NAME